first_name,last_name,birthday
Tiera,Rodgers,1966-05-28
Octavio,Huig,1973-09-25
Armida,Adriaen,1957-06-06
Edda,Batenburg,1959-03-27
Boyd,Herder,1962-08-27
Priscila,Velde,1957-11-18
Mathew,Cummings,2002-04-13
Angelic,Cleveland,1950-08-05
Rosalee,van Pelt,1983-01-30
Arlyne,de Kock,1989-09-02
Sung,de Heus,1960-09-27
Prudence,George,1952-01-27
Philip,van den Treek,1968-03-03
Gilbert,Barten,1966-04-24
Sal,Verkuijl,1972-09-30
Von,van Keulen,1980-10-25
Krystle,Yu,1948-06-07
Jeanice,Harvey,1962-07-23
Luke,van Beusichem,1998-08-28
Lorretta,Cooley,1993-12-17
Riva,de Jong,1980-08-23
Darlene,Fulton,1959-10-27
Georgie,Robles,1979-03-28
Violette,Ayala,1956-03-21
Steven,Frank,1989-06-14
Consuela,Mullins,1961-06-22
Alonso,Dircx,2000-04-16
Deidre,Langer,1988-04-19
Emil,Walton,1976-03-17
Carter,Jenkins,1948-05-26
Scottie,Best,1995-02-03
Stewart,van der Lingen,1999-04-10
Marquitta,de Brijn,1960-07-20
Nanette,van Beggendorp,1999-07-28
Loria,Prijs,1969-06-26
Belia,Gaines,1993-02-19
Isidro,Jenkins,1978-12-12
Norris,Kirk,1949-07-06
Jackie,Frank,1950-12-22
Reiko,Vis,1945-11-08
Nilda,Barten,1959-06-07
Gregg,Gentry,1954-07-06
Roslyn,Grimes,1988-01-30
Terrance,Woerst,1946-05-13
Wallace,Fletcher,1990-04-21
Darell,Noel,1959-03-21
Christopher,Pfeil,1992-03-16
Isidro,Wolfe,1964-06-20
Astrid,Villegas,1983-04-19
Breann,Baldwin,1971-07-31
Edmond,Sargent,1973-09-20
Malcom,Gerlofsma,1985-08-21
Enola,Mayo,1966-07-14
Hertha,Seest,1993-05-17
Jarrett,van der Broek,2001-10-17
Fidel,Mckay,1971-12-08
Raul,van Hilten,1999-07-11
Johnathan,Benson,1985-06-08
Ned,Bankhead,1971-05-10
Carrol,Heuvel,1975-07-30
Miss,Montoya,1957-08-07
King,Moses,2003-05-24
Hilton,Mack,1951-02-17
Randell,Mccray,2002-04-05
Cassy,Alexander,1989-12-05
Jesus,Stamhuis,1951-01-01
Aurelia,van Hattum,1949-12-30
Dexter,Huerta,1977-08-13
Joyce,Snijders,2005-02-06
Maryetta,Hey,1959-10-27
Adelaida,Mccormick,1995-08-25
Veronika,Dalton,1973-02-25
Torie,Nort,1993-02-11
Alejandro,van Keulen,1970-10-15
Len,de Graaf,2001-04-05
Eldon,Oneal,1966-07-15
Felton,Stone,1972-07-08
Stephany,van Veen,1972-02-02
Kandice,Torres,1943-10-16
Sonny,Stevenson,1946-04-03
Hilario,Joliet,1986-02-27
Michal,Bowen,1962-09-11
Colette,Huynh,1944-09-05
Lina,Parrish,1943-06-23
Miles,Zwart,1962-06-25
Benny,Patel,1951-07-07
Gustavo,van Gessel,1955-11-25
Valeria,Lowery,2005-03-14
Sol,Joseph,1982-07-13
Lynette,de Moor,1944-08-31
Jarod,Rodgers,1944-07-04
Berry,Knox,1944-05-21
Teddy,Park,1961-11-08
Gale,Bartlett,1971-07-17
Lavona,Westerhout,1976-07-28
Shemika,Fray,1990-11-27
Caprice,Lukasse,2002-06-06
Mistie,Harper,1970-08-06
Eddy,Manning,1976-02-09
Kilian,Geluk,1992-08-22
Peter,Zandbergen,1981-09-04
Hello,World,1992-09-07
Nikola,Tesla,1982-09-21
Alan,Turing,1912-09-21
